category,title,link
Politic,"지방선거 D-120, 오늘부터 광역단체장·교육감 예비후보 등록",https://news.naver.com/main/read.naver?mode=LSD&mid=shm&sid1=100&oid=021&aid=0002501834
Politic,오늘부터 지방선거 예비후보자 등록,https://news.naver.com/main/read.naver?mode=LSD&mid=shm&sid1=100&oid=056&aid=0011205288
Politic,‘지방선거 D-120’ 광역단체장·교육감 예비후보 등록 시작,https://news.naver.com/main/read.naver?mode=LSD&mid=shm&sid1=100&oid=082&aid=0001139302
Politic,내일부터 도지사·교육감 예비후보자 등록 시작,https://news.naver.com/main/read.naver?mode=LSD&mid=shm&sid1=100&oid=056&aid=0011205153
Politic,"심상정 ""투기성 높은 가상자산, 국가 차원에서 위험성 경고해야""",https://news.naver.com/main/read.naver?mode=LSD&mid=shm&sid1=100&oid=214&aid=0001175861
Politic,"심상정 ""가상자산, 투기성 높아...투자자 보호 강구""",https://news.naver.com/main/read.naver?mode=LSD&mid=shm&sid1=100&oid=052&aid=0001696634
Politic,"심상정 ""가상자산, 투기성 높아…노동으로 보기 어려워""",https://news.naver.com/main/read.naver?mode=LSD&mid=shm&sid1=100&oid=029&aid=0002718454
Politic,심상정 “서울 근교에 신개념 공공주택 25만채 공급”,https://news.naver.com/main/read.naver?mode=LSD&mid=shm&sid1=100&oid=032&aid=0003125906
Politic,尹측 “사드 국군이 직접 사서 추가 배치…힘을 통한 평화 구축”,https://news.naver.com/main/read.naver?mode=LSD&mid=shm&sid1=100&oid=023&aid=0003669847
Politic,이재명 “전쟁 나면 죽는 건 청년들”…윤석열 ‘사드 추가’ 공약 비판,https://news.naver.com/main/read.naver?mode=LSD&mid=shm&sid1=100&oid=028&aid=0002577515
Politic,윤석열 “사드 추가 배치”…이재명 “전쟁 아닌 평화”,https://news.naver.com/main/read.naver?mode=LSD&mid=shm&sid1=100&oid=005&aid=0001502436
Politic,"北 미사일 도발에 윤석열 ""국군이 사드 구매해 수도권 방어""",https://news.naver.com/main/read.naver?mode=LSD&mid=shm&sid1=100&oid=011&aid=0004014154
Politic,임인년 새해 첫날 광주 무등산 오른 이준석 “호남 20% 이상 득표”,https://news.naver.com/main/read.naver?mode=LSD&mid=shm&sid1=100&oid=022&aid=0003662902
Politic,"이준석, 광주 무등산에서 해맞이...""진심이 닿길""",https://news.naver.com/main/read.naver?mode=LSD&mid=shm&sid1=100&oid=052&aid=0001696557
Politic,"설날 무등산 오른 이준석 “윤석열, 호남 20%이상 득표해 지역구도 깨지길”",https://news.naver.com/main/read.naver?mode=LSD&mid=shm&sid1=100&oid=028&aid=0002577556
Politic,무등산 오른 이준석 “호남서 20%이상 득표해 지역구도 깨졌으면”,https://news.naver.com/main/read.naver?mode=LSD&mid=shm&sid1=100&oid=011&aid=0004014205
Politic,"민주당, “태양광이 친중국?…이준석, 어설픈 ‘반중코인’ 탑승”",https://news.naver.com/main/read.naver?mode=LSD&mid=shm&sid1=100&oid=005&aid=0001502476
Politic,"이준석 ""이재명 공약, 中업체 위한 것""…與 ""팩트 왜곡한 선동""",https://news.naver.com/main/read.naver?mode=LSD&mid=shm&sid1=100&oid=015&aid=0004659070
Politic,"與 '사드 추가배치' 윤석열에 ""대국민 안보 사기극""",https://news.naver.com/main/read.naver?mode=LSD&mid=shm&sid1=100&oid=018&aid=0005137619
Politic,"與, 尹 ‘사드 추가배치’에 연일 집중포화...“섣부른 안보 포퓰리즘”",https://news.naver.com/main/read.naver?mode=LSD&mid=shm&sid1=100&oid=029&aid=0002718450
Politic,"""토론하자는 이재명 말 허세였다""… 윤석열, 양자토론 무산에 李 비판",https://news.naver.com/main/read.naver?mode=LSD&mid=shm&sid1=100&oid=417&aid=0000781039
Politic,"윤석열 ""이재명, 요새 나 따라해…허세부릴거면 양자토론 하지 말자 하든가""",https://news.naver.com/main/read.naver?mode=LSD&mid=shm&sid1=100&oid=009&aid=0004916375
Politic,"李는 고향으로, 尹은 강화서 안보행보…설 민심 다지기",https://news.naver.com/main/read.naver?mode=LSD&mid=shm&sid1=100&oid=001&aid=0012952415
Politic,李는 고향서 “국민통합” 尹은 강화서 “국민안전”… 설 민심 다지기,https://news.naver.com/main/read.naver?mode=LSD&mid=shm&sid1=100&oid=022&aid=0003662923
Politic,"尹 ""인천 GTX-D, 원안대로 'Y노선' 완성…인천↔서울 30분 시대 연다""",https://news.naver.com/main/read.naver?mode=LSD&mid=shm&sid1=100&oid=421&aid=0005877834
Politic,"윤석열 ""인천국제공항~부천종합운동장 원안대로 GTX-D 노선 연결""",https://news.naver.com/main/read.naver?mode=LSD&mid=shm&sid1=100&oid=277&aid=0005038435
Politic,李·尹 오늘 양자토론 끝내 불발…지루한 '핑퐁 공방'만(종합),https://news.naver.com/main/read.naver?mode=LSD&mid=shm&sid1=100&oid=001&aid=0012951335
Politic,이재명-윤석열 양자토론 사실상 무산,https://news.naver.com/main/read.naver?mode=LSD&mid=shm&sid1=100&oid=310&aid=0000093697
Politic, 중거리 탄도미사일 '화성-12형 검수사격' 주장한 북한[데일리 북한],https://news.naver.com/main/read.naver?mode=LSD&mid=shm&sid1=100&oid=421&aid=0005876869
Politic,"""北, '화성-12형' '극초음속미사일' 같은 곳에서 발사""",https://news.naver.com/main/read.naver?mode=LSD&mid=shm&sid1=100&oid=421&aid=0005877848
Politic,"이재명 ""육사 안동 이전, 車부품산업 육성""…경북 공약 발표",https://news.naver.com/main/read.naver?mode=LSD&mid=shm&sid1=100&oid=055&aid=0000950496
Politic,"이재명 ""홍준표 경북 공약 수용…안동에 육사 이전""",https://news.naver.com/main/read.naver?mode=LSD&mid=shm&sid1=100&oid=025&aid=0003170471
Politic,‘1월에만 미사일 7번’ 북한 “지난달 전략무기 최우선 과업 완수”,https://news.naver.com/main/read.naver?mode=LSD&mid=shm&sid1=100&oid=056&aid=0011205323
Politic,"국제사회 비판에 발끈한 북한, 이제는 프랑스 향해서도 '말폭탄'",https://news.naver.com/main/read.naver?mode=LSD&mid=shm&sid1=100&oid=437&aid=0000288359
Politic,설 민심에 4자 토론까지 '단일화 분수령'…尹-安 주말 여론조사 촉각,https://news.naver.com/main/read.naver?mode=LSD&mid=shm&sid1=100&oid=421&aid=0005877360
Politic,"단일화해야 이긴다는데…""安 싫다"" 이준석 극복해도 남는 변수",https://news.naver.com/main/read.naver?mode=LSD&mid=shm&sid1=100&oid=025&aid=0003170411
Politic,軍 코로나19 신규확진자 사흘 연속 세 자릿수…'확산세' 지속,https://news.naver.com/main/read.naver?mode=LSD&mid=shm&sid1=100&oid=421&aid=0005876984
Politic,군 코로나19 확진 177명 추가…하루 신규확진 역대 최다,https://news.naver.com/main/read.naver?mode=LSD&mid=shm&sid1=100&oid=056&aid=0011205375
Politic,윤석열 43.5%·이재명 38.1% 양강 구도…안철수 7.8%[여론조사공정],https://news.naver.com/main/read.naver?mode=LSD&mid=shm&sid1=100&oid=366&aid=0000790867
Politic,이재명 38.1% 윤석열 43.5% 안철수 7.8%…정권연장 38.2% 정권교체 54.4%,https://news.naver.com/main/read.naver?mode=LSD&mid=shm&sid1=100&oid=009&aid=0004916336
Politic,[정치톡톡] 안철수의 쌩쇼/ 이재명·김동연 양자토론/ 38.1 vs 43.5,https://news.naver.com/main/read.naver?mode=LSD&mid=shm&sid1=100&oid=057&aid=0001639437
Politic,[정치톡톡] 박빙 승부에 민주·국민의힘 '토론 삐끗하면 패배' 결국 파행,https://news.naver.com/main/read.naver?mode=LSD&mid=shm&sid1=100&oid=057&aid=0001639315
Politic,[정치톡톡] 방송 중계 불허 / 앨 고어 호출 왜? / 이번에는 돈 신경전,https://news.naver.com/main/read.naver?mode=LSD&mid=shm&sid1=100&oid=057&aid=0001639189
Politic,[정치톡톡] 이재명과 윤석열의 공격 포인트 / 홍준표 합류 / 공무원 심부름 / 확진자는 우편투표,https://news.naver.com/main/read.naver?mode=LSD&mid=shm&sid1=100&oid=057&aid=0001639034
Economic,"LG에너지솔루션, 독일 벌칸 에너지와 수산화리튬 공급계약",https://news.naver.com/main/read.naver?mode=LSD&mid=shm&sid1=101&oid=021&aid=0002501819
Economic,"LG엔솔, 독일서 전기차 110만대분 배터리 원료 공급받는다",https://news.naver.com/main/read.naver?mode=LSD&mid=shm&sid1=101&oid=215&aid=0001012322
Economic,"LG엔솔, 전기차 110만대 배터리 챙겼다…수산화리튬 5년 계약",https://news.naver.com/main/read.naver?mode=LSD&mid=shm&sid1=101&oid=025&aid=0003170366
Economic,"LG에너지솔루션, 독일 벌칸과 배터리용 수산화리튬 계약…전기차 110만대 제조 분량",https://news.naver.com/main/read.naver?mode=LSD&mid=shm&sid1=101&oid=088&aid=0000742968
Economic,"인도네시아 수출 중단 불똥 튄 석탄 가격, 역대 최고가 또 경신하나",https://news.naver.com/main/read.naver?mode=LSD&mid=shm&sid1=101&oid=469&aid=0000655679
Economic,석탄 가격 연일 고공행진…연초 대비 23.4% 올라,https://news.naver.com/main/read.naver?mode=LSD&mid=shm&sid1=101&oid=422&aid=0000526094
Economic,석탄 가격 연일 고공행진…역대 최고가 근접에 업계 비상,https://news.naver.com/main/read.naver?mode=LSD&mid=shm&sid1=101&oid=021&aid=0002501803
Economic,"석탄 가격, 또다시 역대 최고가 근접…""인니, 수출 금지 원인""",https://news.naver.com/main/read.naver?mode=LSD&mid=shm&sid1=101&oid=277&aid=0005038221
Economic,뉴욕증시 상승 마감…나스닥 3.4% 랠리,https://news.naver.com/main/read.naver?mode=LSD&mid=shm&sid1=101&oid=003&aid=0010975390
Economic,[속보]뉴욕증시 상승마감...나스닥 3.41%↑,https://news.naver.com/main/read.naver?mode=LSD&mid=shm&sid1=101&oid=008&aid=0004702920
Economic,"뉴욕증시, 1월 마지막 거래일에 혼조세로 출발",https://news.naver.com/main/read.naver?mode=LSD&mid=shm&sid1=101&oid=001&aid=0012951642
Economic,나스닥 3.4% 급등에도 금융위기 이후 최악의 1월[뉴욕마감],https://news.naver.com/main/read.naver?mode=LSD&mid=shm&sid1=101&oid=421&aid=0005877380
Economic,60세 이상 고령 취업자 5년새 40%나 늘어...작년 541만명,https://news.naver.com/main/read.naver?mode=LSD&mid=shm&sid1=101&oid=029&aid=0002718404
Economic,작년 60세 이상 취업자 541만명···5년만에 40% 증가,https://news.naver.com/main/read.naver?mode=LSD&mid=shm&sid1=101&oid=023&aid=0003669830
Economic,"뉴욕타임즈, 온라인 단어게임업체 '워들' 인수",https://news.naver.com/main/read.naver?mode=LSD&mid=shm&sid1=101&oid=215&aid=0001012406
Economic,"'2025년 디지털 구독자 1000만' 뉴욕타임스, 단어 게임 업체 '워들' 인수",https://news.naver.com/main/read.naver?mode=LSD&mid=shm&sid1=101&oid=469&aid=0000655729
Economic,휘청이는 증시에 퇴직연금 운용도 불안,https://news.naver.com/main/read.naver?mode=LSD&mid=shm&sid1=101&oid=081&aid=0003248622
Economic,"사회초년생 목돈 불리기, 저축은행 퇴직연금으로 도전해볼까",https://news.naver.com/main/read.naver?mode=LSD&mid=shm&sid1=101&oid=277&aid=0005038363
Economic,지난해 외식비 8개 품목 중 7개 올라...냉면 8.1% 상승,https://news.naver.com/main/read.naver?mode=LSD&mid=shm&sid1=101&oid=052&aid=0001696591
Economic,냉면 1만원 눈앞… 외식비 8개 품목 중 7개 상승,https://news.naver.com/main/read.naver?mode=LSD&mid=shm&sid1=101&oid=005&aid=0001502481
Economic,무역수지 적자 최대...빛바랜 '1월 역대 최대' 수출,https://news.naver.com/main/read.naver?mode=LSD&mid=shm&sid1=101&oid=052&aid=0001696609
Economic,1월 수출 553억2000만달러…1월 기준 역대 최고,https://news.naver.com/main/read.naver?mode=LSD&mid=shm&sid1=101&oid=016&aid=0001945011
Economic,"RCEP 발효, 관세혜택 확대..서비스 분야 진출 기대",https://news.naver.com/main/read.naver?mode=LSD&mid=shm&sid1=101&oid=014&aid=0004781200
Economic,세계 최대 자유무역협정 ‘RCEP’ 오늘 발효…22억 6천만 명 시장 품는다,https://news.naver.com/main/read.naver?mode=LSD&mid=shm&sid1=101&oid=056&aid=0011205359
Economic,실손의료보험 사기 지난 3년간 3만여 명 적발돼,https://news.naver.com/main/read.naver?mode=LSD&mid=shm&sid1=101&oid=052&aid=0001696615
Economic,"“실손보험료, 5년 간 평균 63.6% 올랐다”",https://news.naver.com/main/read.naver?mode=LSD&mid=shm&sid1=101&oid=016&aid=0001945050
Economic,혼자 보내는 설 배고프지 않게…혼설족 노리는 편의점,https://news.naver.com/main/read.naver?mode=LSD&mid=shm&sid1=101&oid=018&aid=0005137270
Economic,"편의점, 떡국 등 설상품 인기..혼명족 호응",https://news.naver.com/main/read.naver?mode=LSD&mid=shm&sid1=101&oid=014&aid=0004781373
Economic,"배달료 더 오르나…민노총 ""배달횟수 시간당 3건 제한해야""",https://news.naver.com/main/read.naver?mode=LSD&mid=shm&sid1=101&oid=018&aid=0005137428
Economic,갈수록 커지는 편의점 배달 시장,https://news.naver.com/main/read.naver?mode=LSD&mid=shm&sid1=101&oid=021&aid=0002501849
Economic,서울이면 분상제?…'묻지마 청약' 했다가는 낭패보는 이유 [이유정의 부동산 디테일],https://news.naver.com/main/read.naver?mode=LSD&mid=shm&sid1=101&oid=015&aid=0004658947
Economic,"""최고 부촌 '압구정 현대' 지었는데…"" HDC현산 어쩌다 이지경까지 [이유정의 부동산 디테일]",https://news.naver.com/main/read.naver?mode=LSD&mid=shm&sid1=101&oid=015&aid=0004655948
Economic,"""지은지 5년도 안됐는데…"" 수도권 새 아파트 집주인들 어쩌나 [이유정의 부동산 디테일]",https://news.naver.com/main/read.naver?mode=LSD&mid=shm&sid1=101&oid=015&aid=0004645026
Economic,또 용산공원?…'이재명식 주택공급' 가능성 낮은 이유 [이유정의 부동산 디테일],https://news.naver.com/main/read.naver?mode=LSD&mid=shm&sid1=101&oid=015&aid=0004639527
Social,"‘내 꿈 꿨다 Yes or No’…경남 국립대 교수, 제자 성추행·희롱",https://news.naver.com/main/read.naver?mode=LSD&mid=shm&sid1=102&oid=005&aid=0001502456
Social,‘교수님 꿈꿨다 Yes or No’…제자들 성희롱한 국립대 교수,https://news.naver.com/main/read.naver?mode=LSD&mid=shm&sid1=102&oid=023&aid=0003669928
Social,"""귀요미, 예뻐하는 거 알지?""…제자에게 만남 요구한 교수",https://news.naver.com/main/read.naver?mode=LSD&mid=shm&sid1=102&oid=079&aid=0003603377
Social,'내 꿈꿨다 Yes or No'…제자에 보낸 국립대 교수 '소름 문자',https://news.naver.com/main/read.naver?mode=LSD&mid=shm&sid1=102&oid=025&aid=0003170437
Social,먹는 치료제 투약해보니 80% '증상 호전'…69% '쓴맛 경험',https://news.naver.com/main/read.naver?mode=LSD&mid=shm&sid1=102&oid=057&aid=0001639351
Social,먹는 치료제 복용자 80% '증상 호전'…69% '쓴맛 느꼈다',https://news.naver.com/main/read.naver?mode=LSD&mid=shm&sid1=102&oid=055&aid=0000950363
Social,코로나19 먹는치료제 복용자 80% ‘증상 호전’…위중증·사망 악화 없어,https://news.naver.com/main/read.naver?mode=LSD&mid=shm&sid1=102&oid=277&aid=0005038302
Social,먹는 치료제 팍스로비드 복용 80% '증상 호전',https://news.naver.com/main/read.naver?mode=LSD&mid=shm&sid1=102&oid=214&aid=0001175741
Social,"광주 붕괴사고 ""실종자 27층~29층 2호라인에 매몰 가능성 높아""",https://news.naver.com/main/read.naver?mode=LSD&mid=shm&sid1=102&oid=277&aid=0005038468
Social,광주 아파트 붕괴현장 28층 매몰자 1명 추가 수습,https://news.naver.com/main/read.naver?mode=LSD&mid=shm&sid1=102&oid=087&aid=0000880150
Social,광주 붕괴사고 28층서 매몰자 1명 구조,https://news.naver.com/main/read.naver?mode=LSD&mid=shm&sid1=102&oid=214&aid=0001175766
Social,광주 아파트 붕괴 현장서 실종자 1명 수습,https://news.naver.com/main/read.naver?mode=LSD&mid=shm&sid1=102&oid=449&aid=0000221704
Social,불길 헤집고 주민 10명 대피시킨 경찰,https://news.naver.com/main/read.naver?mode=LSD&mid=shm&sid1=102&oid=437&aid=0000288352
Social,"빌라 화재 출동한 경찰관, 연기 마신 주민 2명 구조",https://news.naver.com/main/read.naver?mode=LSD&mid=shm&sid1=102&oid=015&aid=0004659022
Social,"부산 연제구 한 빌라서 불, 연기 흡입한 2명 경상",https://news.naver.com/main/read.naver?mode=LSD&mid=shm&sid1=102&oid=079&aid=0003603386
Social,설날 부산 연산동 빌라서 불 나…주민 한밤 대피 소동,https://news.naver.com/main/read.naver?mode=LSD&mid=shm&sid1=102&oid=421&aid=0005877618
Social,"설날 귀경행렬 시작…""부산→서울 8시간 예상""",https://news.naver.com/main/read.naver?mode=LSD&mid=shm&sid1=102&oid=025&aid=0003170459
Social,귀경길 정체 본격화 '거북이 걸음'…부산→서울 7시간10분,https://news.naver.com/main/read.naver?mode=LSD&mid=shm&sid1=102&oid=421&aid=0005877800
Social,"고용노동부, 경기 양주 채석장 붕괴 삼표산업 사무실 등 압수수색",https://news.naver.com/main/read.naver?mode=LSD&mid=shm&sid1=102&oid=028&aid=0002577540
Social,‘양주 채석장 붕괴사고’ 3일째 실종자 수색중...삼표산업 수사 본격화,https://news.naver.com/main/read.naver?mode=LSD&mid=shm&sid1=102&oid=023&aid=0003669840
Social,"“왜 안 잘라줘?” 끓는 기름에 호떡 던진 그 손님, 결국 실형",https://news.naver.com/main/read.naver?mode=LSD&mid=shm&sid1=102&oid=023&aid=0003669895
Social,"법원, 기름에 호떡 던져 화상 입힌 60대에 징역 1년",https://news.naver.com/main/read.naver?mode=LSD&mid=shm&sid1=102&oid=052&aid=0001696625
Social,눈길 속 귀경 행렬 시작…오후 4시 정체 절정 전망,https://news.naver.com/main/read.naver?mode=LSD&mid=shm&sid1=102&oid=422&aid=0000526214
Social,"눈 내린 귀경길, 본격 정체 시작…""오후 4~5시 정점""",https://news.naver.com/main/read.naver?mode=LSD&mid=shm&sid1=102&oid=437&aid=0000288343
Social,고양이 꼬리 잡고 담벼락에 내리쳐 살해한 20대 체포,https://news.naver.com/main/read.naver?mode=LSD&mid=shm&sid1=102&oid=469&aid=0000655768
Social,"""꼬리 잡아 내리쳐 살해""…20대 '고양이 잔혹 학대범' 잡혔다",https://news.naver.com/main/read.naver?mode=LSD&mid=shm&sid1=102&oid=008&aid=0004703015
Social,김제 모 종오리 농장 고병원성 조류인플루엔자 확진,https://news.naver.com/main/read.naver?mode=LSD&mid=shm&sid1=102&oid=056&aid=0011205152
Social,"진천 오리농장서 AI 발생, 9300마리 살처분",https://news.naver.com/main/read.naver?mode=LSD&mid=shm&sid1=102&oid=469&aid=0000655764
Social,설날 코로나 신규 확진자 1만8343명… 연일 사상 최다,https://news.naver.com/main/read.naver?mode=LSD&mid=shm&sid1=102&oid=005&aid=0001502463
Social,신규확진 1만8343명 또 역대 최다…오미크론 급속 확산,https://news.naver.com/main/read.naver?mode=LSD&mid=shm&sid1=102&oid=586&aid=0000034358
Social,오후 6시 경기 제외 전국 8644명 확진… 어제보다 255명 감소,https://news.naver.com/main/read.naver?mode=LSD&mid=shm&sid1=102&oid=032&aid=0003125908
Social,[속보] 오후 6시까지 전국서 1만1675명 확진…또 동시간대 최다,https://news.naver.com/main/read.naver?mode=LSD&mid=shm&sid1=102&oid=025&aid=0003170485
Social,"""나도 XX한다""…장애인구역 주차한 주민의 황당 경고글",https://news.naver.com/main/read.naver?mode=LSD&mid=shm&sid1=102&oid=015&aid=0004659018
Social,"""장애인 구역 주차한걸 신고해?"" 어느 찌질남의 황당 경고",https://news.naver.com/main/read.naver?mode=LSD&mid=shm&sid1=102&oid=025&aid=0003170445
Social,'집단감염' 구치소 2곳에서 30여 명 추가 확진,https://news.naver.com/main/read.naver?mode=LSD&mid=shm&sid1=102&oid=052&aid=0001696660
Social,동부·인천 구치소 18명·11명 추가확진…119명 집단감염(종합),https://news.naver.com/main/read.naver?mode=LSD&mid=shm&sid1=102&oid=421&aid=0005877132
Social,광주·전남 911명 확진 ‘역대 최다’…3명 숨져,https://news.naver.com/main/read.naver?mode=LSD&mid=shm&sid1=102&oid=016&aid=0001944996
Social,광주 오후 6시에 벌써 '역대 최다' 482명 동수…또 경신 확실시,https://news.naver.com/main/read.naver?mode=LSD&mid=shm&sid1=102&oid=421&aid=0005877191
Social,6.1 지방선거 대구시장 누가 나오나... 홍준표 최대 변수,https://news.naver.com/main/read.naver?mode=LSD&mid=shm&sid1=102&oid=629&aid=0000130386
Social,"‘홍준표 등판설’에 요동치는 대구…경북, 이철우 ‘독주’",https://news.naver.com/main/read.naver?mode=LSD&mid=shm&sid1=102&oid=018&aid=0005137613
Social,"[뉴스추적] 스텔스 오미크론이란?…""과도한 두려움 필요 없어""",https://news.naver.com/main/read.naver?mode=LSD&mid=shm&sid1=102&oid=057&aid=0001639309
Social,"[뉴스추적] 2월 말 확진 12만 명까지…""전국 방역 둑 무너졌다""",https://news.naver.com/main/read.naver?mode=LSD&mid=shm&sid1=102&oid=057&aid=0001638349
Social,"[뉴스추적] 오미크론, 독감보다 위험…""3차 접종 효과""",https://news.naver.com/main/read.naver?mode=LSD&mid=shm&sid1=102&oid=057&aid=0001637784
Social,[뉴스추적] 이제 PCR 검사 아무나 못 받는다…의료 체계 개편 Q&A,https://news.naver.com/main/read.naver?mode=LSD&mid=shm&sid1=102&oid=057&aid=0001637194
Life&Culture,9년 만에 눈 내리는 설날…수도권 최대 10㎝ 이상[내일날씨],https://news.naver.com/main/read.naver?mode=LSD&mid=shm&sid1=103&oid=277&aid=0005038310
Life&Culture,설날 오전까지 수도권 일부 시간당 3㎝ 눈 폭탄…오후 기온 뚝,https://news.naver.com/main/read.naver?mode=LSD&mid=shm&sid1=103&oid=025&aid=0003170418
Life&Culture,설날 중부지방 오전까지 눈… 오후부터 기온 뚝,https://news.naver.com/main/read.naver?mode=LSD&mid=shm&sid1=103&oid=366&aid=0000790842
Life&Culture,설날 전국 곳곳 눈…귀성·귀경길 교통안전 유의,https://news.naver.com/main/read.naver?mode=LSD&mid=shm&sid1=103&oid=009&aid=0004916264
Life&Culture,'가족오락관 장수 MC' 허참 간암 투병중 별세,https://news.naver.com/main/read.naver?mode=LSD&mid=shm&sid1=103&oid=422&aid=0000526242
Life&Culture,"손미나, 故허참 애도 ""청년의 영혼 지녔던, 치어리더 같았던 분""",https://news.naver.com/main/read.naver?mode=LSD&mid=shm&sid1=103&oid=014&aid=0004781392
Life&Culture,"'가족오락관 장수 MC' 허참, 간암 투병 중 별세",https://news.naver.com/main/read.naver?mode=LSD&mid=shm&sid1=103&oid=448&aid=0000350475
Life&Culture,"""작년까지 정정했는데…허참, 민폐될까 간암투병 감춰왔다""",https://news.naver.com/main/read.naver?mode=LSD&mid=shm&sid1=103&oid=025&aid=0003170469
Life&Culture,수도권·강원·충북 대설예비특보 발표…31일 밤부터 함박눈 쏟아진다,https://news.naver.com/main/read.naver?mode=LSD&mid=shm&sid1=103&oid=277&aid=0005038234
Life&Culture,9년 만에 눈 내리는 설날…오늘밤~내일 수도권 최대 10㎝(종합),https://news.naver.com/main/read.naver?mode=LSD&mid=shm&sid1=103&oid=421&aid=0005877127
Life&Culture,외신도 ‘지금 우리학교는’ 극찬…“한국은 좀비물 최강자”,https://news.naver.com/main/read.naver?mode=LSD&mid=shm&sid1=103&oid=023&aid=0003669835
Life&Culture,"'지금 우리 학교는', 공개 이틀째에도 1위…넷플릭스 44개국 정상",https://news.naver.com/main/read.naver?mode=LSD&mid=shm&sid1=103&oid=079&aid=0003603254
Life&Culture,방탄소년단 지민 코로나19 확진…맹장염 수술도 받아,https://news.naver.com/main/read.naver?mode=LSD&mid=shm&sid1=103&oid=056&aid=0011205071
Life&Culture,방탄소년단 지민 코로나19 확진…맹장염 수술도,https://news.naver.com/main/read.naver?mode=LSD&mid=shm&sid1=103&oid=422&aid=0000526196
Life&Culture," 밤부터 눈…중부 최대 10cm, 귀경길 교통 유의[날씨]",https://news.naver.com/main/read.naver?mode=LSD&mid=shm&sid1=103&oid=422&aid=0000526152
Life&Culture, 중부 지방 중심으로 많은 눈...눈 그친 뒤 기온 '뚝'[날씨],https://news.naver.com/main/read.naver?mode=LSD&mid=shm&sid1=103&oid=052&aid=0001696448
Life&Culture,강원 대설특보 모두 해제…밤 9시 한파특보 발령(종합),https://news.naver.com/main/read.naver?mode=LSD&mid=shm&sid1=103&oid=003&aid=0010975788
Life&Culture,강원 영서북부 대설특보 해제…한파특보 발령,https://news.naver.com/main/read.naver?mode=LSD&mid=shm&sid1=103&oid=003&aid=0010975678
Life&Culture,[별별시승]테슬라 아성 넘을까…스웨덴 전기차 '폴스타2',https://news.naver.com/main/read.naver?mode=LSD&mid=shm&sid1=103&oid=011&aid=0004014156
Life&Culture,[별별시승]중후함 덜고 세련미 더한 회장님차...안락함에 최첨단을 담다,https://news.naver.com/main/read.naver?mode=LSD&mid=shm&sid1=103&oid=011&aid=0004008626
Life&Culture,"[별별시승] 안전의 대명사 볼보 XC60, 말하는 대로 뚝딱 되니까···손가락 하나 까딱 안했다",https://news.naver.com/main/read.naver?mode=LSD&mid=shm&sid1=103&oid=011&aid=0003998636
Life&Culture,[별별시승]벤츠 전기차 ‘EQA 250’ 화려한 디자인·유려한 주행감···역시 '명불허電',https://news.naver.com/main/read.naver?mode=LSD&mid=shm&sid1=103&oid=011&aid=0003987583
Life&Culture,[김민철의 꽃이야기] 박수근 그림에 핀 꽃들,https://news.naver.com/main/read.naver?mode=LSD&mid=shm&sid1=103&oid=023&aid=0003669867
Life&Culture,"[김민철의 꽃이야기] 수선화·애기동백꽃, 신안 퍼플섬엔 봄기운 물씬",https://news.naver.com/main/read.naver?mode=LSD&mid=shm&sid1=103&oid=023&aid=0003668402
Life&Culture,"[김민철의 꽃이야기] 벌써 11주기, 박완서에게 승은 입은 꽃들",https://news.naver.com/main/read.naver?mode=LSD&mid=shm&sid1=103&oid=023&aid=0003666877
Life&Culture,"[김민철의 꽃이야기] 윤대녕의 아몬드, 손원평의 아몬드",https://news.naver.com/main/read.naver?mode=LSD&mid=shm&sid1=103&oid=023&aid=0003665355
It/Science,"소니, MS에 반격…게임 개발업체 '번지' 4조3천억 원에 인수(종합)",https://news.naver.com/main/read.naver?mode=LSD&mid=shm&sid1=105&oid=001&aid=0012951701
It/Science,"소니, 게임 개발업체 '번지' 4조3천억 원에 인수",https://news.naver.com/main/read.naver?mode=LSD&mid=shm&sid1=105&oid=001&aid=0012951675
It/Science,"소니, 헤일로 게임 개발업체 '번지' 36억 달러 인수",https://news.naver.com/main/read.naver?mode=LSD&mid=shm&sid1=105&oid=031&aid=0000651423
It/Science,글로벌 게임사 M&A 요동…소니도 4조원 베팅했다,https://news.naver.com/main/read.naver?mode=LSD&mid=shm&sid1=105&oid=009&aid=0004916308
It/Science,구찌·디올·삼성·스벅…실체 없는데 기업들 죄다 몰려간 이 땅,https://news.naver.com/main/read.naver?mode=LSD&mid=shm&sid1=105&oid=025&aid=0003170416
It/Science,"""韓 게임·엔터·제조업 다 갖춰…'K메타버스'의 시간 온다""",https://news.naver.com/main/read.naver?mode=LSD&mid=shm&sid1=105&oid=009&aid=0004916345
It/Science,"""메타버스로 검은 호랑이 그림 전시 관람하세요""",https://news.naver.com/main/read.naver?mode=LSD&mid=shm&sid1=105&oid=092&aid=0002246393
It/Science,메타버스에서 만나는 산티아고 베르나베우,https://news.naver.com/main/read.naver?mode=LSD&mid=shm&sid1=105&oid=277&aid=0005038464
It/Science,게임은 왜 빅테크의 새로운 전쟁터가 됐을까,https://news.naver.com/main/read.naver?mode=LSD&mid=shm&sid1=105&oid=032&aid=0003125865
It/Science,"게임업계, 돈 버는 게임 'P2E' 규제 풀어달라 한 목소리",https://news.naver.com/main/read.naver?mode=LSD&mid=shm&sid1=105&oid=277&aid=0005038226
It/Science,“야심작 ‘갤럭시S22’ 가격 내린다?” 삼성 절박한 호소?,https://news.naver.com/main/read.naver?mode=LSD&mid=shm&sid1=105&oid=016&aid=0001945069
It/Science,"""태블릿? 노트북?""...'갤럭시탭S8' 이렇게 나온다",https://news.naver.com/main/read.naver?mode=LSD&mid=shm&sid1=105&oid=030&aid=0002996438
It/Science,“세계 반도체 시장 10년내 두배로 성장”…올해는 몇 %?,https://news.naver.com/main/read.naver?mode=LSD&mid=shm&sid1=105&oid=023&aid=0003669802
It/Science,삼성 잡겠다더니 中 2.7조 사기 '굴욕'…마냥 비웃을 수가 없다[차이나는 중국],https://news.naver.com/main/read.naver?mode=LSD&mid=shm&sid1=105&oid=008&aid=0004702923
It/Science,[랜선인싸] '나를 브랜드화 시킨다'…킴닥스의 'NEXT'가 기대된다,https://news.naver.com/main/read.naver?mode=LSD&mid=shm&sid1=105&oid=138&aid=0002118094
It/Science,[랜선인싸]시바견이 아기를 키운다고?… 유튜버 '곰이탱이여우',https://news.naver.com/main/read.naver?mode=LSD&mid=shm&sid1=105&oid=138&aid=0002117615
It/Science,"[랜선인싸] 외국인도 ""어쩔티비"" 이해할까?…'마이코리안딕' 인기 비결은",https://news.naver.com/main/read.naver?mode=LSD&mid=shm&sid1=105&oid=138&aid=0002116847
It/Science,[랜선인싸] 장난감에 '숨결' 불어넣다…틱톡커 오닝,https://news.naver.com/main/read.naver?mode=LSD&mid=shm&sid1=105&oid=138&aid=0002116356
It/Science,"[써보니]""소리도 똑똑해진다""…'AI 음향' 입힌 LGU+ UHD4 셋톱박스",https://news.naver.com/main/read.naver?mode=LSD&mid=shm&sid1=105&oid=421&aid=0005876581
It/Science,"[써보니] 디즈니+, '콘텐츠'는 좋은데……편의성·자막은 개선 필요",https://news.naver.com/main/read.naver?mode=LSD&mid=shm&sid1=105&oid=421&aid=0005736584
It/Science,"[써보니]아이폰13, 카메라·디스플레이에 '올인'…""카툭튀·무게는 아쉬워""",https://news.naver.com/main/read.naver?mode=LSD&mid=shm&sid1=105&oid=421&aid=0005659658
It/Science,"[써보니]SKT 메타버스 '이프랜드', 차별화엔 성공…이용자는 적응 중",https://news.naver.com/main/read.naver?mode=LSD&mid=shm&sid1=105&oid=421&aid=0005554646
World,"""일본 F15 전투기 동해서 훈련 중 사라져…추락 가능성""",https://news.naver.com/main/read.naver?mode=LSD&mid=shm&sid1=104&oid=055&aid=0000950384
World,日 F-15 전투기 2명 태운 채 실종…바다서 기체 일부 발견,https://news.naver.com/main/read.naver?mode=LSD&mid=shm&sid1=104&oid=421&aid=0005877613
World,일본 항공자위대 F15 전투기 동해서 훈련 중 실종…“추락 가능성”,https://news.naver.com/main/read.naver?mode=LSD&mid=shm&sid1=104&oid=277&aid=0005038308
World,"공군, 40년된 노후 전투기 조기 교체 검토 착수",https://news.naver.com/main/read.naver?mode=LSD&mid=shm&sid1=104&oid=214&aid=0001175701
World,"美 바이든 대통령, 5월 韓 새 대통령 취임 직후 방한 추진",https://news.naver.com/main/read.naver?mode=LSD&mid=shm&sid1=104&oid=009&aid=0004916296
World,"""바이든, 5월 후반 방한 검토…일본서 쿼드정상회의""",https://news.naver.com/main/read.naver?mode=LSD&mid=shm&sid1=104&oid=422&aid=0000526197
World,"요미우리 ""바이든, 올 5월 말께 방한 검토 중""",https://news.naver.com/main/read.naver?mode=LSD&mid=shm&sid1=104&oid=015&aid=0004659007
World,"바이든, 차기 대통령 취임 후 5월 방한 검토",https://news.naver.com/main/read.naver?mode=LSD&mid=shm&sid1=104&oid=023&aid=0003669909
World,"FBI 국장 ""뻔뻔해지는 中 사이버 공격…새로운 수준 도달""",https://news.naver.com/main/read.naver?mode=LSD&mid=shm&sid1=104&oid=001&aid=0012952202
World,"美 FBI 국장 ""中 사이버 공격 어느때보다 해롭고 뻔뻔""",https://news.naver.com/main/read.naver?mode=LSD&mid=shm&sid1=104&oid=011&aid=0004014215
World,레이 미국 FBI 국장 “중국 정부의 정보 기술 탈취 시도 2천 건 넘어…경제 안보에 위협”,https://news.naver.com/main/read.naver?mode=LSD&mid=shm&sid1=104&oid=056&aid=0011205372
World,"美 “중국, 뻔뻔하고 해롭다··· 정보·기술 탈취 해킹 시도 연 2000건 이상”",https://news.naver.com/main/read.naver?mode=LSD&mid=shm&sid1=104&oid=138&aid=0002118102
World,"워싱턴포스트 ""美 5세 이하 아동 화이자 백신 접종 이달말 시작""",https://news.naver.com/main/read.naver?mode=LSD&mid=shm&sid1=104&oid=052&aid=0001696577
World,"美, 이르면 이달말부터 6개월~5세 아동에 화이자 백신 접종 시작",https://news.naver.com/main/read.naver?mode=LSD&mid=shm&sid1=104&oid=011&aid=0004014208
World,"‘조선인 강제노역’ 사도광산… 日, 세계유산 추천 정식 결정",https://news.naver.com/main/read.naver?mode=LSD&mid=shm&sid1=104&oid=023&aid=0003669903
World,"日정부, 1일 유네스코에 사도광산 추천...양국 TF구성해 '역사전쟁'",https://news.naver.com/main/read.naver?mode=LSD&mid=shm&sid1=104&oid=014&aid=0004781232
World,추가 접종한 캐나다 총리 확진…“원격근무”,https://news.naver.com/main/read.naver?mode=LSD&mid=shm&sid1=104&oid=056&aid=0011205218
World,"트뤼도 캐나다 총리, 코로나19 양성",https://news.naver.com/main/read.naver?mode=LSD&mid=shm&sid1=104&oid=014&aid=0004781233
World,'극우 망언 제조기' 이시하라 전 도쿄지사 89세로 사망,https://news.naver.com/main/read.naver?mode=LSD&mid=shm&sid1=104&oid=437&aid=0000288361
World,'日극우 간판' 이시하라 신타로 사망…'위안부 부정' 등 숱한 망언,https://news.naver.com/main/read.naver?mode=LSD&mid=shm&sid1=104&oid=082&aid=0001139313
World,"러 ""나토, 우크라 동맹 유인""…미 ""전례없는 제재"" 경고",https://news.naver.com/main/read.naver?mode=LSD&mid=shm&sid1=104&oid=422&aid=0000526107
World,"미·영, 러시아에 또 '으름장'…""우크라 침공시 전례없는 제재""",https://news.naver.com/main/read.naver?mode=LSD&mid=shm&sid1=104&oid=001&aid=0012951145
World,"한미일 유엔대사, 북한 미사일 발사 논의…""3자 협력 재확인""",https://news.naver.com/main/read.naver?mode=LSD&mid=shm&sid1=104&oid=003&aid=0010975601
World,"한미일 유엔대사, 北 미사일 발사 논의…""협력 강화 재확인""",https://news.naver.com/main/read.naver?mode=LSD&mid=shm&sid1=104&oid=055&aid=0000950459
World,"한달간 20% 빠졌던 테슬라 주가, 10% 상승…'구백슬라' 회복",https://news.naver.com/main/read.naver?mode=LSD&mid=shm&sid1=104&oid=001&aid=0012951901
World,'구백슬라' 회복…테슬라 10% 넘게 상승,https://news.naver.com/main/read.naver?mode=LSD&mid=shm&sid1=104&oid=016&aid=0001945017
World,영국 “우크라 침공하면 러시아 자산 동결·입국 거부 가능”,https://news.naver.com/main/read.naver?mode=LSD&mid=shm&sid1=104&oid=056&aid=0011205182
World,"미, 러시아에 재차 경고…""우크라 침공 시 전례 없는 제재""",https://news.naver.com/main/read.naver?mode=LSD&mid=shm&sid1=104&oid=055&aid=0000950333
World,삼성 잡겠다더니 中 2.7조 사기 '굴욕'…마냥 비웃을 수가 없다[차이나는 중국],https://news.naver.com/main/read.naver?mode=LSD&mid=shm&sid1=104&oid=008&aid=0004702923
World,"中의 15억 인구를 보지 말고, 10억 네티즌을 봐라 [차이나는 중국]",https://news.naver.com/main/read.naver?mode=LSD&mid=shm&sid1=104&oid=008&aid=0004699550
World,LG엔솔 시총 100조 넘을까? 中 CATL와 경쟁 2R [차이나는 중국],https://news.naver.com/main/read.naver?mode=LSD&mid=shm&sid1=104&oid=008&aid=0004696646
World,"""대만에서 미·중 충돌시 中이 이긴다""는 美 보고서 [차이나는 중국]",https://news.naver.com/main/read.naver?mode=LSD&mid=shm&sid1=104&oid=008&aid=0004693710
